sbc_location,type,location_id,description,program_code,program_desc,ministry_client,resp_code,service_line_code,stob_code,project_code,merchant_id
61,Bank,20061,100 MILE HOUSE,70,SERVICE BC                              ,74,32H61,58200,1461,3200000,999999999
61,Amex,20861,100 MILE HOUSE AMEX POS,503,SERVICE BC AMEX POS                     ,74,32H61,58200,1461,3200000,23591041
61,Debit,20261,100 MILE HOUSE DEBIT POS,1331,SERVICE BC DEBIT POS                    ,74,32H61,58200,1461,3200000,22054353
61,Mastercard,20461,100 MILE HOUSE MASTERCARD POS,315,SERVICE BC M/C POS                      ,74,32H61,58200,1461,3200000,22054353
61,Visa,20661,100 MILE HOUSE-VISA POS,1339,SERVICE BC VISA POS                     ,74,32H61,58200,1461,3200000,22054353
01,Bank,20100,HAZELTON,70,SERVICE BC                              ,74,32J01,58200,1461,3200000,999999999
01,Amex,20800,HAZELTON AMEX POS,503,SERVICE BC AMEX POS                     ,74,32J01,58200,1461,3200000,23591645
01,Debit,20300,HAZELTON DEBIT POS,1331,SERVICE BC DEBIT POS                    ,74,32J01,58200,1461,3200000,22043448
01,Mastercard,20500,HAZELTON MASTERCARD POS,315,SERVICE BC M/C POS                      ,74,32J01,58200,1461,3200000,22043448
01,Visa,20700,HAZELTON-VISA POS,1339,SERVICE BC VISA POS                     ,74,32J01,58200,1461,3200000,22043448
02,Bank,20002,ASHCROFT,70,SERVICE BC                              ,74,32G02,58200,1461,3200000,999999999
02,Amex,20801,ASHCROFT AMEX POS,503,SERVICE BC AMEX POS                     ,74,32G02,58200,1461,3200000,23591066
02,Debit,20202,ASHCROFT DEBIT POS,1331,SERVICE BC DEBIT POS                    ,74,32G02,58200,1461,3200000,22054387
02,Mastercard,20201,ASHCROFT MASTERCARD POS,315,SERVICE BC M/C POS                      ,74,32G02,58200,1461,3200000,22054387
02,Visa,20602,ASHCROFT-VISA POS,1339,SERVICE BC VISA POS                     ,74,32G02,58200,1461,3200000,22054387
03,Bank,20003,ATLIN,70,SERVICE BC                              ,74,32J03,58200,1461,3200000,999999999
03,Amex,20803,ATLIN AMEX POS,503,SERVICE BC AMEX POS                     ,74,32J03,58200,1461,3200000,23591074
03,Mastercard,20403,ATLIN MASTERCARD POS,315,SERVICE BC M/C POS                      ,74,32J03,58200,1461,3200000,22054486
03,Debit,20203,ATLIN-DEBIT POS,1331,SERVICE BC DEBIT POS                    ,74,32J03,58200,1461,3200000,22054486
03,Visa,20603,ATLIN-VISA POS,1339,SERVICE BC VISA POS                     ,74,32J03,58200,1461,3200000,22054486
08,Bank,20008,BELLA COOLA,70,SERVICE BC                              ,74,32H08,58200,1461,3200000,999999999
08,Amex,20808,BELLA COOLA AMEX POS,503,SERVICE BC AMEX POS                     ,74,32H08,58200,1461,3200000,23591082
08,Debit,20208,BELLA COOLA DEBIT POS,1331,SERVICE BC DEBIT POS                    ,74,32H08,58200,1461,3200000,22054577
08,Mastercard,20408,BELLA COOLA MASTERCARD POS,315,SERVICE BC M/C POS                      ,74,32H08,58200,1461,3200000,22054577
08,Visa,20608,BELLA COOLA-VISA POS,1339,SERVICE BC VISA POS                     ,74,32H08,58200,1461,3200000,22054577
10,Amex,20303,BURNABY AMEX POS,503,SERVICE BC AMEX POS                     ,74,32L10,58200,1461,3200000,28624979
10,Debit,20304,BURNABY DEBIT POS,1331,SERVICE BC DEBIT POS                    ,74,32L10,58200,1461,3200000,23684779
10,Mastercard,20302,BURNABY MASTERCARD POS,315,SERVICE BC M/C POS                      ,74,32L10,58200,1461,3200000,23684779
10,Visa,20301,BURNABY-VISA POS,1339,SERVICE BC VISA POS                     ,74,32L10,58200,1461,3200000,23684779
11,Bank,20011,BURNS LAKE,70,SERVICE BC                              ,74,32J11,58200,1461,3200000,999999999
11,Amex,20811,BURNS LAKE AMEX POS,503,SERVICE BC AMEX POS                     ,74,32J11,58200,1461,3200000,23591090
11,Debit,20211,BURNS LAKE DEBIT POS,1331,SERVICE BC DEBIT POS                    ,74,32J11,58200,1461,3200000,22042705
11,Mastercard,20411,BURNS LAKE MASTERCARD POS,315,SERVICE BC M/C POS                      ,74,32J11,58200,1461,3200000,22042705
11,Visa,20611,BURNS LAKE-VISA POS,1339,SERVICE BC VISA POS                     ,74,32J11,58200,1461,3200000,22042705
12,Bank,20012,CAMPBELL RIVER,70,SERVICE BC                              ,74,32L12,58200,1461,3200000,999999999
12,Amex,20812,CAMPBELL RIVER AMEX POS,503,SERVICE BC AMEX POS                     ,74,32L12,58200,1461,3200000,23591116
12,Mastercard,20412,CAMPBELL RIVER MASTERCARD POS,315,SERVICE BC M/C POS                      ,74,32L12,58200,1461,3200000,22042747
12,Debit,20212,CAMPBELL RIVER-DEBIT POS,1331,SERVICE BC DEBIT POS                    ,74,32L12,58200,1461,3200000,22042747
12,Visa,20612,CAMPBELL RIVER-VISA POS,1339,SERVICE BC VISA POS                     ,74,32L12,58200,1461,3200000,22042747
19,Visa,20619,CHETWTND-VISA POS,1339,SERVICE BC VISA POS                     ,74,32H19,58200,1461,3200000,22042754
19,Bank,20009,CHETWYND,70,SERVICE BC                              ,74,32H19,58200,1461,3200000,999999999
19,Bank,20019,CHETWYND,70,SERVICE BC                              ,74,32H19,58200,1461,3200000,999999999
19,Amex,20819,CHETWYND AMEX POS,503,SERVICE BC AMEX POS                     ,74,32H19,58200,1461,3200000,23591124
19,Debit,20219,CHETWYND DEBIT POS,1331,SERVICE BC DEBIT POS                    ,74,32H19,58200,1461,3200000,22042754
19,Mastercard,20419,CHETWYND MASTERCARD POS,315,SERVICE BC M/C POS                      ,74,32H19,58200,1461,3200000,22042754
14,Bank,20014,CHILLIWACK,70,SERVICE BC                              ,74,32L14,58200,1461,3200000,999999999
14,Amex,20814,CHILLIWACK AMEX POS,503,SERVICE BC AMEX POS                     ,74,32L14,58200,1461,3200000,23591132
14,Debit,20214,CHILLIWACK DEBIT POS,1331,SERVICE BC DEBIT POS                    ,74,32L14,58200,1461,3200000,22042796
14,Mastercard,20414,CHILLIWACK MASTERCARD POS,315,SERVICE BC M/C POS                      ,74,32L14,58200,1461,3200000,22042796
14,Visa,20614,CHILLIWACK-VISA POS,1339,SERVICE BC VISA POS                     ,74,32L14,58200,1461,3200000,22042796
15,Bank,20015,CLINTON,70,SERVICE BC                              ,74,32G15,58200,1461,3200000,999999999
15,Amex,20815,CLINTON AMEX POS,503,SERVICE BC AMEX POS                     ,74,32G15,58200,1461,3200000,23591157
15,Debit,20215,CLINTON DEBIT POS,1331,SERVICE BC DEBIT POS                    ,74,32G15,58200,1461,3200000,22042820
15,Mastercard,20415,CLINTON MASTERCARD POS,315,SERVICE BC M/C POS                      ,74,32G15,58200,1461,3200000,22042820
15,Visa,20615,CLINTON-VISA POS,1339,SERVICE BC VISA POS                     ,74,32G15,58200,1461,3200000,22042820
16,Bank,20016,COURTENAY,70,SERVICE BC                              ,74,32L16,58200,1461,3200000,999999999
16,Amex,20816,COURTENAY AMEX POS,503,SERVICE BC AMEX POS                     ,74,32L16,58200,1461,3200000,23591173
16,Debit,20216,COURTENAY DEBIT POS,1331,SERVICE BC DEBIT POS                    ,74,32L16,58200,1461,3200000,22042838
16,Mastercard,20416,COURTENAY MASTERCARD POS,315,SERVICE BC M/C POS                      ,74,32L16,58200,1461,3200000,22042838
16,Visa,20616,COURTENAY-VISA POS,1339,SERVICE BC VISA POS                     ,74,32L16,58200,1461,3200000,22042838
17,Bank,20017,CRANBROOK,70,SERVICE BC                              ,74,32F17,58200,1461,3200000,999999999
17,Amex,20817,CRANBROOK AMEX POS,503,SERVICE BC AMEX POS                     ,74,32F17,58200,1461,3200000,23591199
17,Debit,20217,CRANBROOK DEBIT POS,1331,SERVICE BC DEBIT POS                    ,74,32F17,58200,1461,3200000,22042887
17,Mastercard,20417,CRANBROOK MASTERCARD POS,315,SERVICE BC M/C POS                      ,74,32F17,58200,1461,3200000,22042887
17,Visa,20617,CRANBROOK-VISA POS,1339,SERVICE BC VISA POS                     ,74,32F17,58200,1461,3200000,22042887
18,Bank,20018,CRESTON,70,SERVICE BC                              ,74,32F18,58200,1461,3200000,999999999
18,Amex,20818,CRESTON AMEX POS,503,SERVICE BC AMEX POS                     ,74,32F18,58200,1461,3200000,23591207
18,Debit,20218,CRESTON DEBIT POS,1331,SERVICE BC DEBIT POS                    ,74,32F18,58200,1461,3200000,22043067
18,Mastercard,20418,CRESTON MASTERCARD POS,315,SERVICE BC M/C POS                      ,74,32F18,58200,1461,3200000,22043067
18,Visa,20618,CRESTON-VISA POS,1339,SERVICE BC VISA POS                     ,74,32F18,58200,1461,3200000,22043067
23,Bank,20023,DAWSON CREEK,70,SERVICE BC                              ,74,32H23,58200,1461,3200000,999999999
23,Amex,20823,DAWSON CREEK AMEX POS,503,SERVICE BC AMEX POS                     ,74,32H23,58200,1461,3200000,23591363
23,Debit,20223,DAWSON CREEK DEBIT POS,1331,SERVICE BC DEBIT POS                    ,74,32H23,58200,1461,3200000,22043083
23,Mastercard,20423,DAWSON CREEK MASTERCARD POS,315,SERVICE BC M/C POS                      ,74,32H23,58200,1461,3200000,22043083
23,Visa,20623,DAWSON CREEK-VISA POS,1339,SERVICE BC VISA POS                     ,74,32H23,58200,1461,3200000,22043083
13,Bank,20013,DEASE LAKE,70,SERVICE BC                              ,74,32J13,58200,1461,3200000,999999999
13,Amex,20813,DEASE LAKE AMEX POS,503,SERVICE BC AMEX POS                     ,74,32J13,58200,1461,3200000,23591371
13,Debit,20213,DEASE LAKE DEBIT POS,1331,SERVICE BC DEBIT POS                    ,74,32J13,58200,1461,3200000,22043141
13,Mastercard,20413,DEASE LAKE MASTERCARD POS,315,SERVICE BC M/C POS                      ,74,32J13,58200,1461,3200000,22043141
13,Visa,20613,DEASE LAKE-VISA POS,1339,SERVICE BC VISA POS                     ,74,32J13,58200,1461,3200000,22043141
25,Bank,20025,DUNCAN,70,SERVICE BC                              ,74,32L25,58200,1461,3200000,999999999
25,Amex,20825,DUNCAN AMEX POS,503,SERVICE BC AMEX POS                     ,74,32L25,58200,1461,3200000,23591389
25,Debit,20225,DUNCAN DEBIT POS,1331,SERVICE BC DEBIT POS                    ,74,32L25,58200,1461,3200000,22043182
25,Mastercard,20425,DUNCAN MASTERCARD POS,315,SERVICE BC M/C POS                      ,74,32L25,58200,1461,3200000,22043182
25,Visa,20625,DUNCAN-VISA POS,1339,SERVICE BC VISA POS                     ,74,32L25,58200,1461,3200000,22043182
30,Bank,20030,FERNIE,70,SERVICE BC                              ,74,32F30,58200,1461,3200000,999999999
30,Amex,20830,FERNIE AMEX POS,503,SERVICE BC AMEX POS                     ,74,32F30,58200,1461,3200000,23591397
30,Debit,20230,FERNIE DEBIT POS,1331,SERVICE BC DEBIT POS                    ,74,32F30,58200,1461,3200000,22043208
30,Mastercard,20430,FERNIE MASTERCARD POS,315,SERVICE BC M/C POS                      ,74,32F30,58200,1461,3200000,22043208
30,Visa,20630,FERNIE-VISA POS,1339,SERVICE BC VISA POS                     ,74,32F30,58200,1461,3200000,22043208
32,Bank,20032,FORT NELSON,70,SERVICE BC                              ,74,32H32,58200,1461,3200000,999999999
32,Amex,20832,FORT NELSON AMEX POS,503,SERVICE BC AMEX POS                     ,74,32H32,58200,1461,3200000,23591413
32,Debit,20232,FORT NELSON DEBIT POS,1331,SERVICE BC DEBIT POS                    ,74,32H32,58200,1461,3200000,22043281
32,Mastercard,20432,FORT NELSON MASTERCARD POS,315,SERVICE BC M/C POS                      ,74,32H32,58200,1461,3200000,22043281
32,Visa,20632,FORT NELSON-VISA POS,1339,SERVICE BC VISA POS                     ,74,32H32,58200,1461,3200000,22043281
33,Bank,20033,FORT ST. JAMES,70,SERVICE BC                              ,74,32H33,58200,1461,3200000,999999999
33,Amex,20833,FORT ST. JAMES AMEX POS,503,SERVICE BC AMEX POS                     ,74,32H33,58200,1461,3200000,23591587
33,Debit,20233,FORT ST. JAMES DEBIT POS,1331,SERVICE BC DEBIT POS                    ,74,32H33,58200,1461,3200000,22043315
33,Mastercard,20433,FORT ST. JAMES MASTERCARD POS,315,SERVICE BC M/C POS                      ,74,32H33,58200,1461,3200000,22043315
33,Visa,20633,FORT ST. JAMES-VISA POS,1339,SERVICE BC VISA POS                     ,74,32H33,58200,1461,3200000,22043315
31,Bank,20031,FORT ST. JOHN,70,SERVICE BC                              ,74,32H31,58200,1461,3200000,999999999
31,Amex,20831,FORT ST. JOHN AMEX POS,503,SERVICE BC AMEX POS                     ,74,32H31,58200,1461,3200000,23591595
31,Debit,20231,FORT ST. JOHN DEBIT POS,1331,SERVICE BC DEBIT POS                    ,74,32H31,58200,1461,3200000,22043372
31,Mastercard,20431,FORT ST. JOHN MASTERCARD POS,315,SERVICE BC M/C POS                      ,74,32H31,58200,1461,3200000,22043372
31,Visa,20631,FORT ST. JOHN-VISA POS,1339,SERVICE BC VISA POS                     ,74,32H31,58200,1461,3200000,22043372
37,Bank,20037,GANGES,70,SERVICE BC                              ,74,32L37,58200,1461,3200000,999999999
37,Amex,20837,GANGES AMEX POS,503,SERVICE BC AMEX POS                     ,74,32L37,58200,1461,3200000,23591603
37,Debit,20237,GANGES DEBIT POS,1331,SERVICE BC DEBIT POS                    ,74,32L37,58200,1461,3200000,22043380
37,Mastercard,20437,GANGES MASTERCARD POS,315,SERVICE BC M/C POS                      ,74,32L37,58200,1461,3200000,22043380
37,Visa,20637,GANGES-VISA POS,1339,SERVICE BC VISA POS                     ,74,32L37,58200,1461,3200000,22043380
35,Bank,20035,GOLDEN,70,SERVICE BC                              ,74,32F35,58200,1461,3200000,999999999
35,Amex,20835,GOLDEN AMEX POS,503,SERVICE BC AMEX POS                     ,74,32F35,58200,1461,3200000,23591629
35,Debit,20235,GOLDEN DEBIT POS,1331,SERVICE BC DEBIT POS                    ,74,32F35,58200,1461,3200000,22043406
35,Mastercard,20435,GOLDEN MASTERCARD POS,315,SERVICE BC M/C POS                      ,74,32F35,58200,1461,3200000,22043406
35,Visa,20635,GOLDEN-VISA POS,1339,SERVICE BC VISA POS                     ,74,32F35,58200,1461,3200000,22043406
36,Bank,20036,GRAND FORKS,70,SERVICE BC                              ,74,32F36,58200,1461,3200000,999999999
36,Amex,20836,GRAND FORKS AMEX POS,503,SERVICE BC AMEX POS                     ,74,32F36,58200,1461,3200000,23591637
36,Debit,20236,GRAND FORKS DEBIT POS,1331,SERVICE BC DEBIT POS                    ,74,32F36,58200,1461,3200000,22043430
36,Mastercard,20436,GRAND FORKS MASTERCARD POS,315,SERVICE BC M/C POS                      ,74,32F36,58200,1461,3200000,22043430
36,Visa,20636,GRAND FORKS-VISA POS,1339,SERVICE BC VISA POS                     ,74,32F36,58200,1461,3200000,22043430
39,Bank,20039,HOUSTON,70,SERVICE BC                              ,74,32J39,58200,1461,3200000,999999999
39,Amex,20839,HOUSTON AMEX POS,503,SERVICE BC AMEX POS                     ,74,32J39,58200,1461,3200000,23591660
39,Debit,20239,HOUSTON DEBIT POS,1331,SERVICE BC DEBIT POS                    ,74,32J39,58200,1461,3200000,22043463
39,Mastercard,20439,HOUSTON MASTERCARD POS,315,SERVICE BC M/C POS                      ,74,32J39,58200,1461,3200000,22043463
39,Visa,20639,HOUSTON-VISA POS,1339,SERVICE BC VISA POS                     ,74,32J39,58200,1461,3200000,22043463
38,Bank,20038,INVERMERE,70,SERVICE BC                              ,74,32F38,58200,1461,3200000,999999999
38,Amex,20838,INVERMERE AMEX POS,503,SERVICE BC AMEX POS                     ,74,32F38,58200,1461,3200000,23591835
38,Debit,20238,INVERMERE DEBIT POS,1331,SERVICE BC DEBIT POS                    ,74,32F38,58200,1461,3200000,22043505
38,Mastercard,20438,INVERMERE MASTERCARD POS,315,SERVICE BC M/C POS                      ,74,32F38,58200,1461,3200000,22043505
38,Visa,20638,INVERMERE-VISA POS,1339,SERVICE BC VISA POS                     ,74,32F38,58200,1461,3200000,22043505
40,Bank,20040,KAMLOOPS,70,SERVICE BC                              ,74,32G40,58200,1461,3200000,999999999
40,Amex,20840,KAMLOOPS AMEX POS,503,SERVICE BC AMEX POS                     ,74,32G40,58200,1461,3200000,23592072
40,Debit,20240,KAMLOOPS DEBIT POS,1331,SERVICE BC DEBIT POS                    ,74,32G40,58200,1461,3200000,22043539
40,Mastercard,20440,KAMLOOPS MASTERCARD POS,315,SERVICE BC M/C POS                      ,74,32G40,58200,1461,3200000,22043539
40,Visa,20640,KAMLOOPS-VISA POS,1339,SERVICE BC VISA POS                     ,74,32G40,58200,1461,3200000,22043539
41,Bank,20041,KASLO,70,SERVICE BC                              ,74,32F41,58200,1461,3200000,999999999
41,Amex,20841,KASLO AMEX POS,503,SERVICE BC AMEX POS                     ,74,32F41,58200,1461,3200000,23592098
41,Debit,20241,KASLO DEBIT POS,1331,SERVICE BC DEBIT POS                    ,74,32F41,58200,1461,3200000,22043547
41,Mastercard,20441,KASLO MASTERCARD POS,315,SERVICE BC M/C POS                      ,74,32F41,58200,1461,3200000,22043547
41,Visa,20641,KASLO-VISA POS,1339,SERVICE BC VISA POS                     ,74,32F41,58200,1461,3200000,22043547
42,Bank,20042,KELOWNA,70,SERVICE BC                              ,74,32G42,58200,1461,3200000,999999999
42,Amex,20842,KELOWNA AMEX POS,503,SERVICE BC AMEX POS                     ,74,32G42,58200,1461,3200000,23592114
42,Debit,20242,KELOWNA DEBIT POS,1331,SERVICE BC DEBIT POS                    ,74,32G42,58200,1461,3200000,22455675
42,Mastercard,20442,KELOWNA M/C POS,315,SERVICE BC M/C POS                      ,74,32G42,58200,1461,3200000,22455675
42,Visa,20642,KELOWNA VISA POS,1339,SERVICE BC VISA POS                     ,74,32G42,58200,1461,3200000,22455675
43,Bank,20043,KITIMAT,70,SERVICE BC                              ,74,32J43,58200,1461,3200000,999999999
43,Amex,20843,KITIMAT AMEX POS,503,SERVICE BC AMEX POS                     ,74,32J43,58200,1461,3200000,23592122
43,Debit,20243,KITIMAT DEBIT POS,1331,SERVICE BC DEBIT POS                    ,74,32J43,58200,1461,3200000,22043562
43,Mastercard,20443,KITIMAT MASTERCARD POS,315,SERVICE BC M/C POS                      ,74,32J43,58200,1461,3200000,22043562
43,Visa,20643,KITIMAT-VISA POS,1339,SERVICE BC VISA POS                     ,74,32J43,58200,1461,3200000,22043562
45,Bank,20045,LILLOOET,70,SERVICE BC                              ,74,32G45,58200,1461,3200000,999999999
45,Amex,20845,LILLOOET AMEX POS,503,SERVICE BC AMEX POS                     ,74,32G45,58200,1461,3200000,23592155
45,Debit,20245,LILLOOET DEBIT POS,1331,SERVICE BC DEBIT POS                    ,74,32G45,58200,1461,3200000,22043596
45,Mastercard,20445,LILLOOET MASTERCARD POS,315,SERVICE BC M/C POS                      ,74,32G45,58200,1461,3200000,22043596
45,Visa,20645,LILLOOET-VISA POS,1339,SERVICE BC VISA POS                     ,74,32G45,58200,1461,3200000,22043596
47,Bank,20047,MACKENZIE,70,SERVICE BC                              ,74,32H47,58200,1461,3200000,999999999
47,Amex,20847,MACKENZIE AMEX POS,503,SERVICE BC AMEX POS                     ,74,32H47,58200,1461,3200000,23592189
47,Debit,20247,MACKENZIE DEBIT POS,1331,SERVICE BC DEBIT POS                    ,74,32H47,58200,1461,3200000,22043604
47,Mastercard,20447,MACKENZIE MASTERCARD POS,315,SERVICE BC M/C POS                      ,74,32H47,58200,1461,3200000,22043604
47,Visa,20647,MACKENZIE-VISA POS,1339,SERVICE BC VISA POS                     ,74,32H47,58200,1461,3200000,22043604
46,Bank,20046,MAPLE RIDGE,70,SERVICE BC                              ,74,32L46,58200,1461,3200000,999999999
46,Amex,20846,MAPLE RIDGE AMEX POS,503,SERVICE BC AMEX POS                     ,74,32L46,58200,1461,3200000,23592205
46,Debit,20246,MAPLE RIDGE DEBIT POS,1331,SERVICE BC DEBIT POS                    ,74,32L46,58200,1461,3200000,22043620
46,Mastercard,20446,MAPLE RIDGE MASTERCARD POS,315,SERVICE BC M/C POS                      ,74,32L46,58200,1461,3200000,22043620
46,Visa,20646,MAPLE RIDGE-VISA POS,1339,SERVICE BC VISA POS                     ,74,32L46,58200,1461,3200000,22043620
48,Bank,20048,MASSET,70,SERVICE BC                              ,74,32J48,58200,1461,3200000,999999999
48,Amex,20848,MASSET AMEX POS,503,SERVICE BC AMEX POS                     ,74,32J48,58200,1461,3200000,23592247
48,Debit,20248,MASSET DEBIT POS,1331,SERVICE BC DEBIT POS                    ,74,32J48,58200,1461,3200000,20803999
48,Mastercard,20448,MASSET MSTERCARD POS,315,SERVICE BC M/C POS                      ,74,32J48,58200,1461,3200000,20803999
48,Visa,20648,MASSET VISA POS,1339,SERVICE BC VISA POS                     ,74,32J48,58200,1461,3200000,20803999
50,Bank,20050,MERRITT,70,SERVICE BC                              ,74,32G50,58200,1461,3200000,999999999
50,Amex,20850,MERRITT AMEX POS,503,SERVICE BC AMEX POS                     ,74,32G50,58200,1461,3200000,23592262
50,Debit,20250,MERRITT DEBIT POS,1331,SERVICE BC DEBIT POS                    ,74,32G50,58200,1461,3200000,22043646
50,Mastercard,20450,MERRITT MASTERCARD POS,315,SERVICE BC M/C POS                      ,74,32G50,58200,1461,3200000,22043646
50,Visa,20650,MERRITT-VISA POS,1339,SERVICE BC VISA POS                     ,74,32G50,58200,1461,3200000,22043646
51,Bank,20051,NAKUSP,70,SERVICE BC                              ,74,32F51,58200,1461,3200000,999999999
51,Amex,20851,NAKUSP AMEX POS,503,SERVICE BC AMEX POS                     ,74,32F51,58200,1461,3200000,23592270
51,Debit,20251,NAKUSP DEBIT POS,1331,SERVICE BC DEBIT POS                    ,74,32F51,58200,1461,3200000,22043653
51,Mastercard,20451,NAKUSP MASTERCARD POS,315,SERVICE BC M/C POS                      ,74,32F51,58200,1461,3200000,22043653
51,Visa,20651,NAKUSP-VISA POS,1339,SERVICE BC VISA POS                     ,74,32F51,58200,1461,3200000,22043653
55,Bank,20055,NANAIMO,70,SERVICE BC                              ,74,32L55,58200,1461,3200000,999999999
55,Amex,20855,NANAIMO AMEX POS,503,SERVICE BC AMEX POS                     ,74,32L55,58200,1461,3200000,23592288
55,Debit,20255,NANAIMO DEBIT POS,1331,SERVICE BC DEBIT POS                    ,74,32L55,58200,1461,3200000,22043661
55,Mastercard,20455,NANAIMO MASTERCARD POS,315,SERVICE BC M/C POS                      ,74,32L55,58200,1461,3200000,22043661
55,Visa,20655,NANAIMO-VISA POS,1339,SERVICE BC VISA POS                     ,74,32L55,58200,1461,3200000,22043661
56,Bank,20056,NELSON,70,SERVICE BC                              ,74,32F56,58200,1461,3200000,999999999
56,Amex,20856,NELSON AMEX POS,503,SERVICE BC AMEX POS                     ,74,32F56,58200,1461,3200000,23592296
56,Debit,20256,NELSON DEBIT POS,1331,SERVICE BC DEBIT POS                    ,74,32F56,58200,1461,3200000,22043679
56,Mastercard,20456,NELSON MASTERCARD POS,315,SERVICE BC M/C POS                      ,74,32F56,58200,1461,3200000,22043679
56,Visa,20656,NELSON-VISA POS,1339,SERVICE BC VISA POS                     ,74,32F56,58200,1461,3200000,22043679
60,Bank,20060,OLIVER,70,SERVICE BC                              ,74,32G60,58200,1461,3200000,999999999
60,Amex,20860,OLIVER AMEX POS,503,SERVICE BC AMEX POS                     ,74,32G60,58200,1461,3200000,23592304
60,Debit,20260,OLIVER DEBIT POS,1331,SERVICE BC DEBIT POS                    ,74,32G60,58200,1461,3200000,22043703
60,Mastercard,20460,OLIVER MASTERCARD POS,315,SERVICE BC M/C POS                      ,74,32G60,58200,1461,3200000,22043703
60,Visa,20660,OLIVER-VISA POS,1339,SERVICE BC VISA POS                     ,74,32G60,58200,1461,3200000,22043703
65,Bank,20065,PENTICTON,70,SERVICE BC                              ,74,32G65,58200,1461,3200000,999999999
65,Amex,20865,PENTICTON AMEX POS,503,SERVICE BC AMEX POS                     ,74,32G65,58200,1461,3200000,23592312
65,Debit,20265,PENTICTON DEBIT POS,1331,SERVICE BC DEBIT POS                    ,74,32G65,58200,1461,3200000,22043745
65,Mastercard,20465,PENTICTON MASTERCARD POS,315,SERVICE BC M/C POS                      ,74,32G65,58200,1461,3200000,22043745
65,Visa,20665,PENTICTON-VISA POS,1339,SERVICE BC VISA POS                     ,74,32G65,58200,1461,3200000,22043745
66,Bank,20010,PORT ALBERNI,70,SERVICE BC                              ,74,32L66,58200,1461,3200000,999999999
66,Amex,20866,PORT ALBERNI AMEX POS,503,SERVICE BC AMEX POS                     ,74,32L66,58200,1461,3200000,23592320
66,Debit,20266,PORT ALBERNI DEBIT POS,1331,SERVICE BC DEBIT POS                    ,74,32L66,58200,1461,3200000,22043810
66,Mastercard,20466,PORT ALBERNI MASTERCARD POS,315,SERVICE BC M/C POS                      ,74,32L66,58200,1461,3200000,22043810
66,Visa,20666,PORT ALBERNI-VISA POS,1339,SERVICE BC VISA POS                     ,74,32L66,58200,1461,3200000,22043810
64,Bank,20064,PORT HARDY,70,SERVICE BC                              ,74,32L64,58200,1461,3200000,999999999
64,Amex,20864,PORT HARDY AMEX POS,503,SERVICE BC AMEX POS                     ,74,32L64,58200,1461,3200000,23592338
64,Debit,20264,PORT HARDY DEBIT POS,1331,SERVICE BC DEBIT POS                    ,74,32L64,58200,1461,3200000,22043828
64,Mastercard,20464,PORT HARDY MASTERCARD POS,315,SERVICE BC M/C POS                      ,74,32L64,58200,1461,3200000,22043828
64,Visa,20664,PORT HARDY-VISA POS,1339,SERVICE BC VISA POS                     ,74,32L64,58200,1461,3200000,22043828
67,Bank,20067,POWELL RIVER,70,SERVICE BC                              ,74,32L67,58200,1461,3200000,999999999
67,Amex,20867,POWELL RIVER AMEX POS,503,SERVICE BC AMEX POS                     ,74,32L67,58200,1461,3200000,23592346
67,Debit,20267,POWELL RIVER DEBIT POS,1331,SERVICE BC DEBIT POS                    ,74,32L67,58200,1461,3200000,22043836
67,Mastercard,20467,POWELL RIVER MASTERCARD POS,315,SERVICE BC M/C POS                      ,74,32L67,58200,1461,3200000,22043836
67,Visa,20667,POWELL RIVER-VISA POS,1339,SERVICE BC VISA POS                     ,74,32L67,58200,1461,3200000,22043836
68,Bank,20068,PRINCE GEORGE,70,SERVICE BC                              ,74,32H68,58200,1461,3200000,999999999
68,Amex,20868,PRINCE GEORGE AMEX POS,503,SERVICE BC AMEX POS                     ,74,32H68,58200,1461,3200000,23592353
68,Debit,20268,PRINCE GEORGE DEBIT POS,1331,SERVICE BC DEBIT POS                    ,74,32H68,58200,1461,3200000,22043893
68,Mastercard,20468,PRINCE GEORGE MASTERCARD POS,315,SERVICE BC M/C POS                      ,74,32H68,58200,1461,3200000,22043893
68,Visa,20668,PRINCE GEORGE-VISA POS,1339,SERVICE BC VISA POS                     ,74,32H68,58200,1461,3200000,22043893
69,Bank,20069,PRINCE RUPERT,70,SERVICE BC                              ,74,32J69,58200,1461,3200000,999999999
69,Amex,20869,PRINCE RUPERT AMEX POS,503,SERVICE BC AMEX POS                     ,74,32J69,58200,1461,3200000,23592361
69,Debit,20269,PRINCE RUPERT DEBIT POS,1331,SERVICE BC DEBIT POS                    ,74,32J69,58200,1461,3200000,22043919
69,Mastercard,20469,PRINCE RUPERT MASTERCARD POS,315,SERVICE BC M/C POS                      ,74,32J69,58200,1461,3200000,22043919
69,Visa,20669,PRINCE RUPERT-VISA POS,1339,SERVICE BC VISA POS                     ,74,32J69,58200,1461,3200000,22043919
70,Bank,20070,PRINCETON,70,SERVICE BC                              ,74,32G70,58200,1461,3200000,999999999
70,Amex,20870,PRINCETON AMEX POS,503,SERVICE BC AMEX POS                     ,74,32G70,58200,1461,3200000,23592379
70,Debit,20270,PRINCETON DEBIT POS,1331,SERVICE BC DEBIT POS                    ,74,32G70,58200,1461,3200000,22043984
70,Mastercard,20470,PRINCETON MASTERCARD POS,315,SERVICE BC M/C POS                      ,74,32G70,58200,1461,3200000,22043984
70,Visa,20670,PRINCETON-VISA POS,1339,SERVICE BC VISA POS                     ,74,32G70,58200,1461,3200000,22043984
73,Bank,20073,QUEEN CHARLOTTE,70,SERVICE BC                              ,74,32J73,58200,1461,3200000,999999999
73,Amex,20873,QUEEN CHARLOTTE AMEX POS,503,SERVICE BC AMEX POS                     ,74,32J73,58200,1461,3200000,23592387
73,Visa,20673,QUEEN CHARLOTTE CITY-VISA POS,1339,SERVICE BC VISA POS                     ,74,32J73,58200,1461,3200000,22044008
73,Debit,20273,QUEEN CHARLOTTE DEBIT POS,1331,SERVICE BC DEBIT POS                    ,74,32J73,58200,1461,3200000,22044008
73,Mastercard,20473,QUEEN CHARLOTTE MASTERCARD POS,315,SERVICE BC M/C POS                      ,74,32J73,58200,1461,3200000,22044008
75,Bank,20075,QUESNEL,70,SERVICE BC                              ,74,32H75,58200,1461,3200000,999999999
75,Amex,20875,QUESNEL AMEX POS,503,SERVICE BC AMEX POS                     ,74,32H75,58200,1461,3200000,23592395
75,Debit,20275,QUESNEL DEBIT POS,1331,SERVICE BC DEBIT POS                    ,74,32H75,58200,1461,3200000,22044164
75,Mastercard,20475,QUESNEL MASTERCARD POS,315,SERVICE BC M/C POS                      ,74,32H75,58200,1461,3200000,22044164
75,Visa,20675,QUESNEL-VISA POS,1339,SERVICE BC VISA POS                     ,74,32H75,58200,1461,3200000,22044164
80,Bank,20080,REVELSTOKE,70,SERVICE BC                              ,74,32G80,58200,1461,3200000,999999999
80,Amex,20880,REVELSTOKE AMEX POS,503,SERVICE BC AMEX POS                     ,74,32G80,58200,1461,3200000,23592403
80,Debit,20280,REVELSTOKE DEBIT POS,1331,SERVICE BC DEBIT POS                    ,74,32G80,58200,1461,3200000,22044230
80,Mastercard,20480,REVELSTOKE MASTERCARD POS,315,SERVICE BC M/C POS                      ,74,32G80,58200,1461,3200000,22044230
80,Visa,20680,REVELSTOKE-VISA POS,1339,SERVICE BC VISA POS                     ,74,32G80,58200,1461,3200000,22044230
85,Bank,20085,SALMON ARM,70,SERVICE BC                              ,74,32G85,58200,1461,3200000,999999999
85,Amex,20885,SALMON ARM AMEX POS,503,SERVICE BC AMEX POS                     ,74,32G85,58200,1461,3200000,23592411
85,Debit,20285,SALMON ARM DEBIT POS,1331,SERVICE BC DEBIT POS                    ,74,32G85,58200,1461,3200000,22044255
85,Mastercard,20485,SALMON ARM MASTERCARD POS,315,SERVICE BC M/C POS                      ,74,32G85,58200,1461,3200000,22044255
85,Visa,20685,SALMON ARM-VISA POS,1339,SERVICE BC VISA POS                     ,74,32G85,58200,1461,3200000,22044255
82,Bank,20101,SECHELT,70,SERVICE BC                              ,74,32L82,58200,1461,3200000,999999999
82,Amex,20882,SECHELT AMEX POS,503,SERVICE BC AMEX POS                     ,74,32L82,58200,1461,3200000,23592429
82,Debit,20282,SECHELT DEBIT POS,1331,SERVICE BC DEBIT POS                    ,74,32L82,58200,1461,3200000,22044297
82,Mastercard,20482,SECHELT MASTERCARD POS,315,SERVICE BC M/C POS                      ,74,32L82,58200,1461,3200000,22044297
82,Visa,20682,SECHELT-VISA POS,1339,SERVICE BC VISA POS                     ,74,32L82,58200,1461,3200000,22044297
86,Bank,20086,SMITHERS,70,SERVICE BC                              ,74,32J86,58200,1461,3200000,999999999
86,Amex,20886,SMITHERS AMEX POS,503,SERVICE BC AMEX POS                     ,74,32J86,58200,1461,3200000,23592437
86,Debit,20286,SMITHERS DEBIT POS,1331,SERVICE BC DEBIT POS                    ,74,32J86,58200,1461,3200000,22044305
86,Mastercard,20486,SMITHERS MASTERCARD POS,315,SERVICE BC M/C POS                      ,74,32J86,58200,1461,3200000,22044305
86,Visa,20686,SMITHERS-VISA POS,1339,SERVICE BC VISA POS                     ,74,32J86,58200,1461,3200000,22044305
83,Bank,20083,SPARWOOD,70,SERVICE BC                              ,74,32F83,58200,1461,3200000,999999999
83,Amex,20883,SPARWOOD AMEX POS,503,SERVICE BC AMEX POS                     ,74,32F83,58200,1461,3200000,23592445
83,Debit,20283,SPARWOOD DEBIT POS,1331,SERVICE BC DEBIT POS                    ,74,32F83,58200,1461,3200000,22044313
83,Mastercard,20483,SPARWOOD MASTERCARD POS,315,SERVICE BC M/C POS                      ,74,32F83,58200,1461,3200000,22044313
83,Visa,20683,SPARWOOD-VISA POS,1339,SERVICE BC VISA POS                     ,74,32F83,58200,1461,3200000,22044313
84,Bank,20084,SQUAMISH,70,SERVICE BC                              ,74,32L84,58200,1461,3200000,999999999
84,Amex,20884,SQUAMISH AMEX POS,503,SERVICE BC AMEX POS                     ,74,32L84,58200,1461,3200000,23592452
84,Debit,20284,SQUAMISH DEBIT POS,1331,SERVICE BC DEBIT POS                    ,74,32L84,58200,1461,3200000,22044362
84,Mastercard,20484,SQUAMISH MASTERCARD POS,315,SERVICE BC M/C POS                      ,74,32L84,58200,1461,3200000,22044362
84,Visa,20684,SQUAMISH-VISA POS,1339,SERVICE BC VISA POS                     ,74,32L84,58200,1461,3200000,22044362
87,Bank,20087,STEWART,70,SERVICE BC                              ,74,32J87,58200,1461,3200000,999999999
87,Amex,20887,STEWART AMEX POS,503,SERVICE BC AMEX POS                     ,74,32J87,58200,1461,3200000,23592460
87,Debit,20287,STEWART DEBIT POS,1331,SERVICE BC DEBIT POS                    ,74,32J87,58200,1461,3200000,22044412
87,Mastercard,20487,STEWART MASTERCARD POS,315,SERVICE BC M/C POS                      ,74,32J87,58200,1461,3200000,22044412
87,Visa,20687,STEWART-VISA POS,1339,SERVICE BC VISA POS                     ,74,32J87,58200,1461,3200000,22044412
88,Bank,20088,TERRACE,70,SERVICE BC                              ,74,32J88,58200,1461,3200000,999999999
88,Amex,20888,TERRACE AMEX POS,503,SERVICE BC AMEX POS                     ,74,32J88,58200,1461,3200000,23592478
88,Debit,20288,TERRACE DEBIT POS,1331,SERVICE BC DEBIT POS                    ,74,32J88,58200,1461,3200000,22044438
88,Mastercard,20488,TERRACE MASTERCARD POS,315,SERVICE BC M/C POS                      ,74,32J88,58200,1461,3200000,22044438
88,Visa,20688,TERRACE-VISA POS,1339,SERVICE BC VISA POS                     ,74,32J88,58200,1461,3200000,22044438
81,Bank,20081,TRAIL,70,SERVICE BC                              ,74,32F81,58200,1461,3200000,999999999
81,Amex,20881,TRAIL AMEX POS,503,SERVICE BC AMEX POS                     ,74,32F81,58200,1461,3200000,23592486
81,Debit,20281,TRAIL DEBIT POS,1331,SERVICE BC DEBIT POS                    ,74,32F81,58200,1461,3200000,22044545
81,Mastercard,20481,TRAIL MASTERCARD POS,315,SERVICE BC M/C POS                      ,74,32F81,58200,1461,3200000,22044545
81,Visa,20681,TRAIL-VISA POS,1339,SERVICE BC VISA POS                     ,74,32F81,58200,1461,3200000,22044545
89,Bank,20089,UCLUELET,70,SERVICE BC                              ,74,32L89,58200,1461,3200000,999999999
89,Amex,20889,UCLUELET AMEX POS,503,SERVICE BC AMEX POS                     ,74,32L89,58200,1461,3200000,23592494
89,Debit,20289,UCLUELET DEBIT POS,1331,SERVICE BC DEBIT POS                    ,74,32L89,58200,1461,3200000,22044628
89,Mastercard,20489,UCLUELET MASTERCARD POS,315,SERVICE BC M/C POS                      ,74,32L89,58200,1461,3200000,22044628
89,Visa,20689,UCLUELET-VISA POS,1339,SERVICE BC VISA POS                     ,74,32L89,58200,1461,3200000,22044628
91,Bank,20091,VALEMOUNT,70,SERVICE BC                              ,74,32H91,58200,1461,3200000,999999999
91,Amex,20891,VALEMOUNT AMEX POS,503,SERVICE BC AMEX POS                     ,74,32H91,58200,1461,3200000,23592502
91,Debit,20291,VALEMOUNT DEBIT POS,1331,SERVICE BC DEBIT POS                    ,74,32H91,58200,1461,3200000,22044701
91,Mastercard,20491,VALEMOUNT MASTERCARD POS,315,SERVICE BC M/C POS                      ,74,32H91,58200,1461,3200000,22044701
91,Visa,20691,VALEMOUNT-VISA POS,1339,SERVICE BC VISA POS                     ,74,32H91,58200,1461,3200000,22044701
92,Bank,20092,VANDERHOOF,70,SERVICE BC                              ,74,32H92,58200,1461,3200000,999999999
92,Amex,20892,VANDERHOOF AMEX POS,503,SERVICE BC AMEX POS                     ,74,32H92,58200,1461,3200000,23592510
92,Debit,20292,VANDERHOOF DEBIT POS,1331,SERVICE BC DEBIT POS                    ,74,32H92,58200,1461,3200000,22044750
92,Mastercard,20492,VANDERHOOF MASTERCARD POS,315,SERVICE BC M/C POS                      ,74,32H92,58200,1461,3200000,22044750
92,Visa,20692,VANDERHOOF-VISA POS,1339,SERVICE BC VISA POS                     ,74,32H92,58200,1461,3200000,22044750
93,Bank,20093,VERNON,70,SERVICE BC                              ,74,32G93,58200,1461,3200000,999999999
93,Amex,20893,VERNON AMEX POS,503,SERVICE BC AMEX POS                     ,74,32G93,58200,1461,3200000,23592528
93,Debit,20293,VERNON DEBIT POS,1331,SERVICE BC DEBIT POS                    ,74,32G93,58200,1461,3200000,22044859
93,Mastercard,20493,VERNON MASTERCARD POS,315,SERVICE BC M/C POS                      ,74,32G93,58200,1461,3200000,22044859
93,Visa,20693,VERNON-VISA POS,1339,SERVICE BC VISA POS                     ,74,32G93,58200,1461,3200000,22044859
94,Bank,20094,VICTORIA,70,SERVICE BC                              ,74,32L94,58200,1461,3200000,999999999
94,Amex,20898,VICTORIA AMEX POS,503,SERVICE BC AMEX POS                     ,74,32L94,58200,1461,3200000,23759473
94,Debit,20298,VICTORIA DEBIT POS,1331,SERVICE BC DEBIT POS                    ,74,32L94,58200,1461,3200000,20777441
94,Mastercard,20498,VICTORIA MASTERCARD POS,315,SERVICE BC M/C POS                      ,74,32L94,58200,1461,3200000,20777441
94,Visa,20698,VICTORIA VISA POS,1339,SERVICE BC VISA POS                     ,74,32L94,58200,1461,3200000,20777441
97,Bank,20097,WILLIAMS LAKE,70,SERVICE BC                              ,74,32H97,58200,1461,3200000,999999999
97,Amex,20897,WILLIAMS LAKE AMEX POS,503,SERVICE BC AMEX POS                     ,74,32H97,58200,1461,3200000,23592536
97,Debit,20297,WILLIAMS LAKE DEBIT POS,1331,SERVICE BC DEBIT POS                    ,74,32H97,58200,1461,3200000,22044933
97,Mastercard,20497,WILLIAMS LAKE MASTERCARD POS,315,SERVICE BC M/C POS                      ,74,32H97,58200,1461,3200000,22044933
97,Visa,20697,WILLIAMS LAKE-VISA POS,1339,SERVICE BC VISA POS                     ,74,32H97,58200,1461,3200000,22044933
52,Bank,90510,MOBILE OUTREACH CHILLIWACK,70,SERVICE BC                              ,74,32F52,58200,1461,3200142,999999999
52,Debit,90522,SBC MOBILE OUTREACH DEBIT,1331,SERVICE BC DEBIT POS                    ,74,32F52,58200,1461,3200142,24103846
52,Amex,90523,SBC MOBILE OUTREACH POS AMEX,503,SERVICE BC AMEX POS                     ,74,32F52,58200,1461,3200142,93683283
52,Mastercard,90521,SBC MOBILE OUTREACH POS M/C,315,SERVICE BC M/C POS                      ,74,32F52,58200,1461,3200142,24103846
52,Visa,90520,SBC MOBILE OUTREACH POS VISA,1339,SERVICE BC VISA POS                     ,74,32F52,58200,1461,3200142,24103846
62,Bank,90514,MOBILE OUTREACH SURREY,70,SERVICE BC                              ,74,32F62,58200,1461,3200142,999999999
62,Amex,90539,SBC MOBILE OUTREACH POS AMEX,503,SERVICE BC AMEX POS                     ,74,32F62,58200,1461,3200142,93683143
62,Debit,90538,SBC MOBILE OUTREACH POS DEBIT,1331,SERVICE BC DEBIT POS                    ,74,32F62,58200,1461,3200142,24103838
62,Mastercard,90537,SBC MOBILE OUTREACH POS M/C,315,SERVICE BC M/C POS                      ,74,32F62,58200,1461,3200120,24103838
62,Visa,90536,SBC MOBILE OUTREACH POS VISA,1339,SERVICE BC VISA POS                     ,74,32F62,58200,1461,3200142,24103838
53,Bank,90511,MOBILE OUTREACH CRANBROOK,70,SERVICE BC                              ,74,32F53,58200,1461,3200142,999999999
53,Amex,90527,SBC MOBILE OUTREACH POS AMEX,503,SERVICE BC AMEX POS                     ,74,32F53,58200,1461,3200142,93683267
53,Debit,90526,SBC MOBILE OUTREACH POS DEBIT,1331,SERVICE BC DEBIT POS                    ,74,32F53,58200,1461,3200142,24103895
53,Mastercard,90525,SBC MOBILE OUTREACH POS M/C,315,SERVICE BC M/C POS                      ,74,32F53,58200,1461,3200142,24103895
53,Visa,90524,SBC MOBILE OUTREACH POS VISA,1339,SERVICE BC VISA POS                     ,74,32F53,58200,1461,3200142,24103895
59,Bank,90515,MOBILE OUTREACH VANDERHOOF,70,SERVICE BC                              ,74,32F59,58200,1461,3200142,999999999
59,Amex,90543,SBC MOBILE OUTREACH POS AMEX,503,SERVICE BC AMEX POS                     ,74,32F59,58200,1461,3200142,93683176
59,Debit,90542,SBC MOBILE OUTREACH POS DEBIT,1331,SERVICE BC DEBIT POS                    ,74,32F59,58200,1461,3200142,24103879
59,Mastercard,90541,SBC MOBILE OUTREACH POS M/C,315,SERVICE BC M/C POS                      ,74,32F59,58200,1461,3200142,24103879
59,Visa,90540,SBC MOBILE OUTREACH POS VISA,1339,SERVICE BC VISA POS                     ,74,32F59,58200,1461,3200142,24103879
57,Bank,90513,MOBILE OUTREACH KAMLOOPS,70,SERVICE BC                              ,74,32F57,58200,1461,3200142,999999999
57,Amex,90535,SBC MOBILE OUTREACH POS AMEX,503,SERVICE BC AMEX POS                     ,74,32F57,58200,1461,3200142,93683275
57,Debit,90534,SBC MOBILE OUTREACH POS DEBIT,1331,SERVICE BC DEBIT POS                    ,74,32F57,58200,1461,3200142,24103861
57,Visa,90532,SBC MOBILE OUTREACH POS VISA,1339,SERVICE BC VISA POS                     ,74,32F57,58200,1461,3200142,24103861
57,Visa,90533,SBC MOBILE OUTREACH POS VISA,1339,SERVICE BC VISA POS                     ,74,32F57,58200,1461,3200142,24103861
54,Bank,90512,MOBILE OUTREACH DUNCAN,70,SERVICE BC                              ,74,32F54,58200,1461,3200142,999999999
54,Mastercard,90529,SBC MOBILE OUREACH POS M/C,315,SERVICE BC M/C POS                      ,74,32F54,58200,1461,3200142,24103853
54,Amex,90531,SBC MOBILE OUTREACH POS AMEX,503,SERVICE BC AMEX POS                     ,74,32F54,58200,1461,3200142,93683184
54,Debit,90530,SBC MOBILE OUTREACH POS DEBIT,1331,SERVICE BC DEBIT POS                    ,74,32F54,58200,1461,3200142,24103853
54,Visa,90528,SBC MOBILE OUTREACH POS VISA,1339,SERVICE BC VISA POS                     ,74,32F54,58200,1461,3200142,24103853
96,Bank,90509,MOBILE OUTREACH WEST KELOWNA,70,SERVICE BC                              ,74,32F96,58200,1461,3200142,999999999
96,Amex,90519,SBC MOBILE OUTREACH POS AMEX,503,SERVICE BC AMEX POS                     ,74,32F96,58200,1461,3200142,93683226
96,Debit,90518,SBC MOBILE OUTREACH POS DEBIT,1331,SERVICE BC DEBIT POS                    ,74,32F96,58200,1461,3200142,24103887
96,Mastercard,90517,SBC MOBILE OUTREACH POS M/C,315,SERVICE BC M/C POS                      ,74,32F96,58200,1461,3200142,24103887
96,Visa,90516,SBC MOBILE OUTREACH POS VISA,1339,SERVICE BC VISA POS                     ,74,32F96,58200,1461,3200142,24103887
60262,Amex,60262,BC ATHLETIC COMMISSIONER AMEX POS       ,701,BC ATHLETIC COMMISSIONER AMEX POS       ,126,51662,55410,9002,5140021,26264166
60261,Mastercard,60261,BC ATHLETIC COMMISSIONER M/C POS        ,700,BC ATHLETIC COMMISSIONER M/C POS        ,126,51662,55410,9002,5140021,23394163
60263,VisaDebit,60263,BC ATHLETIC COMMISSIONER VISA/DEBIT POS ,702,BC ATHLETIC COMMISSIONER VISA POS       ,126,51662,55410,9002,5140021,23394163
62719,Bank,62719,REVENUE-VICTORIA                        ,112,LABOUR GENERAL                          ,127,51622,52300,4581,5155555,999999999
44005,Bank,44005,EMPLOYMENT STANDARDS - VICTORIA         ,161,EMPLOYMENT STANDARDS                    ,0TW,51650,53702,4798,5155555,999999999
44016,Mastercard,44016,EMPLOYMENT STDS BR VICTORIA-MC POS      ,541,EMPLOYMENT STANDARDS BRANCH MC POS      ,127,51622,52300,4581,5155555,23302208
44015,Amex,44015,EMPLOYMENT STDS BR VICTORIA-AMEX POS    ,542,EMPLOYMENT STANDARDS BRANCH AMEX POS    ,127,51622,52300,4581,5155555,25276773
44017,VisaDebit,44017,EMPLOYMENT STDS BR VICTORIA-VSA/DBT POS ,543,EMPLOYMENT STANDARDS BR VISA\DEBIT POS  ,127,51622,52300,4581,5155555,23302208
44018,Visa,44018,TALENT AGENCY LICENCING INTERNET VISA   ,627,EMPLOYMENT STANDARDS BR INTERNET VISA   ,0TW,51650,53702,4798,5155555,23700609
44019,VisaDebit,44019,TALENT AGENCY LICENCING INT VISA DEBIT  ,628,EMPLOYMENT STANDARDS BR INT VISA DEBIT  ,0TW,51650,53702,4798,5155555,23700609
44020,Mastercard,44020,TALENT AGENCY LICENCING INTERNET M/C    ,629,EMPLOYMENT STANDARDS BR INTERNET M/C    ,0TW,51650,53702,4798,5155555,23700609
44021,MastercardDebit,44021,TALENT AGENCY LICENCING INT DEBIT M/C   ,630,EMPLOYMENT STANDARDS BR INT DEBIT M/C   ,0TW,51650,53702,4798,5155555,23700609
44022,Amex,44022,TALENT AGENCY LICENCING INTERNET AMEX   ,631,EMPLOYMENT STANDARDS BR INTERNET AMEX   ,0TW,51650,53702,4798,5155555,29266051
44597,Visa,44597,EMPLOYMENT STANDARDS ICEPAY VISA        ,672,EMPLOYMENT STANDARDS ICEPAY VISA        ,127,51622,52300,4581,5155555,23956607
44602,Visa,44602,EMPLOYMENT STANDARDS TRUST ICEPAY VISA  ,672,EMPLOYMENT STANDARDS ICEPAY VISA        ,0TW,51650,53702,4798,5155555,23956599
44598,VisaDebit,44598,EMPLOYMENT STANDARDS ICEPAY VISA DEBIT  ,673,EMPLOYMENT STANDARDS ICEPAY VISADEBIT   ,127,51622,52300,4581,5155555,23956607
44603,VisaDebit,44603,EMPLOYMENT STANDARDS TRUST ICEPAY VSADBT,673,EMPLOYMENT STANDARDS ICEPAY VISADEBIT   ,0TW,51650,53702,4798,5155555,23956599
60521,VisaDebit,60521,PROVINCIAL NOMINEE PROG VISA/DEBIT POS  ,1355,PROVINCIAL NOMINEE PROG VISA/DEBIT POS  ,60,51781,22459,9002,5100000,22046268
60522,Amex,60522,PROVINCIAL NOMINEE PROGRAM AMEX POS     ,519,PROVINCIAL NOMINEE PROGRAM AMEX POS     ,60,51781,22459,9002,5100000,23705922
60520,Mastercard,60520,PROVINCIAL NOMINEE PROGRAM M/C POS      ,338,PROVINCIAL NOMINEE PROGRAM M/C POS      ,60,51781,22459,9002,5100000,22046268
44599,Mastercard,44599,EMPLOYMENT STANDARDS ICEPAY M/C         ,674,EMPLOYMENT STANDARDS ICEPAY M/C         ,127,51622,52300,4581,5155555,23956607
44604,Mastercard,44604,EMPLOYMENT STANDARDS TRUST ICEPAY M/C   ,674,EMPLOYMENT STANDARDS ICEPAY M/C         ,0TW,51650,53702,4798,5155555,23956599
44600,MastercardDebit,44600,EMPLOYMENT STANDARDS ICEPAY DEBIT M/C   ,675,EMPLOYMENT STANDARDS ICEPAY DEBIT M/C   ,127,51622,52300,4581,5155555,23956607
44605,MastercardDebit,44605,EMPLOYMENT STANDARDS TRUST ICEPAY DBT MC,675,EMPLOYMENT STANDARDS ICEPAY DEBIT M/C   ,0TW,51650,53702,4798,5155555,23956599
44601,Amex,44601,EMPLOYMENT STANDARDS ICEPAY AMEX        ,676,EMPLOYMENT STANDARDS ICEPAY AMEX        ,127,51622,52300,4581,5155555,91226713
44606,Amex,44606,EMPLOYMENT STANDARDS TRUST ICEPAY AMEX  ,676,EMPLOYMENT STANDARDS ICEPAY AMEX        ,0TW,51650,53702,4798,5155555,91226721